1.8122e+06,1.7826,273.66,0.11155,0.3218,2.5966e+06
2.7624e+06,1.7826,273.12,0.11085,0.3218,2.1662e+07
3.1532e+06,1.7826,272.56,0.11436,0.3218,4.625e+06
2.9588e+06,1.7826,271.08,0.11992,0.3218,2.0377e+06
2.4128e+06,1.7826,270.41,0.11929,0.3218,4.1384e+05
2.2761e+06,2.5282,274.24,0.11768,-0.82,1.5049e+06
2.0068e+06,2.5282,273.86,0.11992,-0.82,1.44e+07
1.816e+06,2.5282,270.7,0.12509,-0.82,2.3664e+06
1.8455e+06,2.5282,271.49,0.14501,-0.82,1.6756e+05
1.6384e+06,2.5282,268.21,0.16865,-0.82,1.387e+05
1.6629e+06,2.5282,270.59,0.17963,-0.82,24290
1.3436e+06,2.5282,272.21,0.17902,-0.82,1.9798e+06
1.2663e+06,2.5282,271.21,0.1834,-0.82,2.6236e+05
NaN,2.5282,270.66,0.18238,-0.82,85
NaN,2.5282,271.08,0.18168,-0.82,2.1712e+05
NaN,2.5282,271.56,0.18171,-0.82,4.0357e+05
NaN,2.5282,265.54,0.1783,-0.82,1.4991e+05
8.101e+05,2.5282,272.27,0.1955,-0.82,4869
8.6549e+05,2.5282,273.6,0.19885,-0.82,8.0436e+05
1.0048e+06,2.5282,275.02,0.2003,-0.82,1.155e+06
8.8959e+05,2.5282,273.33,0.18706,-0.82,2.4785e+05
7.8437e+05,2.5282,270.09,0.22158,-0.82,333
8.0015e+05,2.5282,275.45,0.21007,-0.82,4.2924e+06
1.2457e+06,2.5282,272.94,0.19937,-0.82,1.2541e+07
1.2035e+06,2.5282,269.53,0.19474,-0.82,2.5806e+06
8.9682e+05,2.5282,270.38,0.17736,-0.82,54836
1.0171e+06,2.5282,273.99,0.16324,-0.82,5.4086e+06
6.9257e+05,2.5282,271.94,0.161,-0.82,5.7952e+05
9.5977e+05,3.5702,271.55,0.15922,-1.5264,6.6797e+05
9.9297e+05,3.5702,270.36,0.15922,-1.5264,8.042e+05
1.2033e+06,3.5702,272.24,0.16357,-1.5264,7114
1.085e+06,3.5702,269.84,0.12799,-1.5264,2.208e+06
9.7739e+05,3.5702,267.52,0.091415,-1.5264,1.3881e+05
8.3664e+05,3.5702,272.82,0.091415,-1.5264,21312
NaN,3.5702,279.05,0.09997,-1.5264,2.2434e+07
1.1041e+06,3.5702,279.22,0.097884,-1.5264,8.7427e+07
1.8109e+06,3.5702,273.4,0.084311,-1.5264,1.7113e+07
2.1996e+06,3.5702,274.71,0.071554,-1.5264,4.5635e+06
1.7526e+06,3.5702,279.37,0.066112,-1.5264,9.6838e+06
1.4119e+06,3.5702,283.82,0.075877,-1.5264,1.8009e+07
1.7527e+06,3.5702,283.49,0.075726,-1.5264,3.2701e+07
2.545e+06,3.5702,279.65,0.054414,-1.5264,1.288e+07
2.8575e+06,3.5702,278.39,0.05786,-1.5264,7.8656e+06
2.6882e+06,3.5702,284.3,0.056076,-1.5264,1.3128e+07
2.7565e+06,3.5702,287.41,0.054927,-1.5264,2.7484e+07
3.0983e+06,3.5702,288.12,0.039994,-1.5264,2.1128e+07
3.3481e+06,3.5702,288.73,0.019438,-1.5264,9.5924e+06
3.3209e+06,3.5702,282,0,-1.5264,3.0174e+05
1.4638e+06,3.5702,275.79,0.074577,-1.5264,21665
1.4672e+06,4.7526,276.88,0.074577,-1.4625,2.2097e+06
1.1279e+06,4.7526,278.66,0.14108,-1.4625,5.4808e+05
9.2814e+05,4.7526,275.62,0.21632,-1.4625,1.4273e+05
8.5879e+05,4.7526,278.69,0.23123,-1.4625,1.8441e+05
7.7675e+05,4.7526,280.43,0.22875,-1.4625,2.2788e+06
8.0915e+05,4.7526,280.49,0.23579,-1.4625,1.5256e+06
4.031e+06,4.7526,280.77,0.14562,-1.4625,49200
3.1988e+06,4.7526,280.92,0.18476,-1.4625,58803
2.4596e+06,4.7526,277.34,0.23177,-1.4625,7.2779e+05
2.1787e+06,4.7526,279.32,0.2493,-1.4625,5.7356e+05
2.2005e+06,5.2789,279.69,0.29223,-1.1294,1.5758e+06
NaN,5.2789,283.62,0.33782,-1.1294,69637
1.9484e+06,5.2789,284.95,0.38292,-1.1294,14340
2.0908e+06,5.2789,287.71,0.43431,-1.1294,530
2.2149e+06,5.2789,286.45,0.42633,-1.1294,0
2.1145e+06,5.2789,286.37,0.42328,-1.1294,0
2.068e+06,5.2789,288.4,0.43507,-1.1294,0
3.5863e+06,5.2789,286.64,0.44979,-1.1294,0
4.4112e+06,5.2789,283.24,0.46115,-1.1294,0
4.1326e+06,5.2789,287.73,0.46917,-1.1294,11
3.353e+06,5.2789,290.99,0.47325,-1.1294,0
3.9006e+06,5.2789,288.38,0.46134,-1.1294,0
4.0531e+06,5.2789,285.25,0.46515,-1.1294,0
3.6815e+06,5.2789,288.01,0.46016,-1.1294,0
2.5163e+06,5.2789,290.37,0.46454,-1.1294,0
2.2501e+06,5.2789,290.5,0.50686,-1.1294,0
2.2036e+06,5.2789,292.97,0.49477,-1.1294,0
1.8316e+06,5.2789,292.67,0.50686,-1.1294,0
1.56e+06,5.2789,291.88,0.46545,-1.1294,0
1.2749e+06,5.2789,294.57,0.46252,-1.1294,0
1.2712e+06,5.2789,291.94,0.47186,-1.1294,0
1.2401e+06,5.2789,293.6,0.50589,-1.1294,0
1.2929e+06,5.2789,295.21,0.49791,-1.1294,0
1.4483e+06,5.2789,294.8,0.49187,-1.1294,0
2.5998e+06,5.2789,291.33,0.48147,-1.1294,0
3.2365e+06,5.5269,287.88,0.4627,-1.4963,0
3.0777e+06,5.5269,285.95,0.47059,-1.4963,0
3.8066e+06,5.5269,287.75,0.47019,-1.4963,0
4.661e+06,5.5269,284.05,0.4607,-1.4963,0
4.5451e+06,5.5269,287.13,0.47092,-1.4963,0
3.722e+06,5.5269,288.39,0.47563,-1.4963,0
2.8111e+06,5.5269,289.64,0.46965,-1.4963,0
2.1578e+06,5.5269,290.58,0.47025,-1.4963,0
2.0764e+06,5.5269,290.86,0.47189,-1.4963,0
2.0861e+06,5.5269,291.31,0.47246,-1.4963,0
NaN,5.5269,292.31,0.4795,-1.4963,0
1.994e+06,5.5269,291.06,0.47361,-1.4963,0
1.7597e+06,5.5269,289.63,0.47802,-1.4963,0
1.3762e+06,5.5269,290.04,0.47966,-1.4963,0
1.27e+06,5.5269,290.37,0.47361,-1.4963,0
1.2914e+06,5.5269,289.71,0.46805,-1.4963,0
1.2188e+06,5.5269,291.83,0.47316,-1.4963,0
9.3309e+05,5.5269,298.26,0.50472,-1.4963,0
1.1489e+06,5.5269,294.36,0.61378,-1.4963,0
1.04e+06,5.6711,291.62,0.60831,-2.253,0
9.1305e+05,5.6711,291.91,0.60224,-2.253,0
9.2969e+05,5.6711,292.42,0.59347,-2.253,0
6.9042e+05,5.6711,295.32,0.59407,-2.253,0
9.9231e+05,5.6711,295.97,0.60747,-2.253,0
6.0312e+05,5.6711,293.22,0.61155,-2.253,0
5.4524e+05,5.6711,290.73,0.62476,-2.253,0
6.1405e+05,5.6711,289.71,0.66608,-2.253,0
4.4654e+05,5.6711,292.06,0.67917,-2.253,0
3.0248e+05,5.6711,293.77,0.68733,-2.253,0
3.6591e+05,5.6711,294.95,0.72452,-2.253,0
3.8569e+05,5.6711,295.94,0.752,-2.253,0
2.9471e+05,5.6711,296.26,0.75892,-2.253,0
5.1038e+05,5.6711,296.23,0.74102,-2.253,0
4.9154e+05,5.6711,295.85,0.76929,-2.253,0
5.3046e+05,5.6711,297.49,0.79278,-2.253,0
4.9914e+05,5.6711,291,0.80405,-2.253,0
3.7681e+05,5.6711,291.45,0.81264,-2.253,0
4.3669e+05,5.6711,292.75,0.82488,-2.253,0
2.9734e+05,5.6711,295.46,0.83727,-2.253,0
3.8665e+05,5.6711,295.76,0.83939,-2.253,0
5.4961e+05,5.6711,292,0.83108,-2.253,0
4.1078e+05,5.6711,290.91,0.80834,-2.253,0
5.1577e+05,5.6711,293.63,0.86953,-2.253,0
6.2046e+05,5.6711,293.94,0.9175,-2.253,0
4.5432e+05,5.6711,294.3,0.95565,-2.253,0
4.8313e+05,5.6711,294.76,0.98449,-2.253,0
6.0922e+05,5.0635,294.2,1,-1.8932,0
6.2262e+05,5.0635,296.66,0.98241,-1.8932,0
6.7916e+05,5.0635,296.66,0.96965,-1.8932,0
6.6664e+05,5.0635,295.87,0.89873,-1.8932,0
3.7489e+05,5.0635,292.87,0.89096,-1.8932,0
3.2049e+05,5.0635,293.82,0.88552,-1.8932,0
1.9346e+05,5.0635,295.56,0.88171,-1.8932,0
4.9309e+05,5.0635,295.33,0.88933,-1.8932,0
1.1643e+06,5.0635,295.31,0.8938,-1.8932,0
1.1627e+06,5.0635,295.86,0.8938,-1.8932,0
1.2733e+06,5.0635,294.67,0.89537,-1.8932,0
1.0557e+06,5.0635,293.39,0.89371,-1.8932,0
1.1369e+06,5.0635,294.79,0.88096,-1.8932,0
8.7939e+05,5.0635,294.33,0.86091,-1.8932,0
7.0012e+05,5.0635,290.11,0.84335,-1.8932,0
4.7669e+05,5.0635,290.19,0.83174,-1.8932,0
NaN,5.0635,292.01,0.83032,-1.8932,0
6.316e+05,5.0635,290.27,0.81001,-1.8932,0
3.2655e+05,5.0635,293.36,0.74238,-1.8932,0
3.0835e+05,5.0635,293.73,0.74568,-1.8932,0
3.7789e+05,5.0635,293.88,0.74625,-1.8932,0
1.5016e+05,5.0635,292.48,0.75027,-1.8932,0
3.7804e+05,5.0635,293.75,0.7646,-1.8932,0
5.6588e+05,5.0635,289.86,0.78349,-1.8932,0
3.7942e+05,5.0635,291.76,0.80438,-1.8932,0
1.9392e+05,4.0453,294.67,0.81475,-1.3619,0
3.6367e+05,4.0453,291.8,0.82524,-1.3619,0
3.7164e+05,4.0453,290.62,0.82385,-1.3619,0
3.4885e+05,4.0453,290.97,0.81856,-1.3619,0
7.3614e+05,4.0453,294.23,0.81333,-1.3619,0
6.002e+05,4.0453,294.08,0.84537,-1.3619,0
9.3521e+05,4.0453,291.86,0.838,-1.3619,0
7.7115e+05,4.0453,287.17,0.82657,-1.3619,0
5.0629e+05,4.0453,285.08,0.8019,-1.3619,0
3.7044e+05,4.0453,287.67,0.79199,-1.3619,0
2.0226e+05,4.0453,290.74,0.78891,-1.3619,0
2.7531e+05,4.0453,291.95,0.77763,-1.3619,0
4.933e+05,4.0453,289.83,0.764,-1.3619,0
3.9395e+05,4.0453,284.22,0.75726,-1.3619,0
2.9974e+05,4.0453,285.34,0.75535,-1.3619,0
72755,4.0453,286.97,0.78071,-1.3619,0
1.3851e+06,4.0453,290.31,0.79268,-1.3619,0
1.5369e+06,4.0453,283.22,0.789,-1.3619,0
9.8446e+05,4.0453,286.44,0.79051,-1.3619,0
4.7757e+05,4.0453,288,0.79837,-1.3619,0
7.1017e+05,4.0453,288.04,0.78014,-1.3619,0
6.9955e+05,4.0453,282.41,0.75484,-1.3619,0
6.7266e+05,4.0453,283.05,0.73703,-1.3619,0
4.7027e+05,4.0453,286.05,0.74764,-1.3619,0
5.1872e+05,4.0453,288.12,0.74537,-1.3619,0
9.1742e+05,4.0453,285.96,0.79404,-1.3619,0
1.0609e+06,4.0453,286.22,0.78842,-1.3619,0
1.2363e+06,2.6211,284.39,0.80363,-0.9116,0
9.5834e+05,2.6211,286.74,0.79776,-0.9116,0
1.3541e+06,2.6211,289.39,0.79356,-0.9116,0
1.3235e+06,2.6211,289.92,0.87421,-0.9116,0
1.2056e+06,2.6211,289.23,0.86385,-0.9116,0
9.4598e+05,2.6211,282.61,0.79386,-0.9116,0
1.0745e+06,2.6211,281.17,0.6968,-0.9116,1.876e+05
9.9854e+05,2.6211,276.42,0.62902,-0.9116,1.336e+05
1.3939e+06,2.6211,279.57,0.612,-0.9116,3.7616e+05
1.1367e+06,2.6211,287.78,0.61321,-0.9116,4.8823e+06
1.5763e+06,2.6211,283.92,0.62013,-0.9116,1.4118e+05
1.4193e+06,2.6211,279.14,0.60807,-0.9116,0
1.3261e+06,2.6211,281.9,0.60027,-0.9116,0
1.0696e+06,2.6211,283.96,0.60532,-0.9116,0
1.8026e+06,2.6211,289.03,0.60719,-0.9116,0
3.2836e+06,2.6211,282.36,0.57881,-0.9116,0
3.3969e+06,2.6211,282.99,0.55629,-0.9116,0
2.3679e+06,2.6211,282.13,0.58117,-0.9116,0
1.9521e+06,2.6211,280.83,0.57703,-0.9116,0
1.5491e+06,2.6211,283.08,0.56128,-0.9116,0
1.2351e+06,2.6211,286.47,0.53235,-0.9116,0
1.6559e+06,2.6211,286.8,0.5507,-0.9116,0
1.7262e+06,2.6211,284.5,0.53978,-0.9116,0
4.1658e+05,2.6211,283.42,0.52237,-0.9116,0
3.7944e+06,2.6211,285.26,0.52137,-0.9116,0
3.4229e+06,2.6211,284.03,0.51533,-0.9116,0
4.5773e+06,1.7257,279.83,0.50444,-1.7931,0
5.0334e+06,1.7257,278.78,0.46817,-1.7931,4904
4.8149e+06,1.7257,277.07,0.47361,-1.7931,4628
3.5744e+06,1.7257,276.1,0.49075,-1.7931,42556
2.7637e+06,1.7257,274.43,0.49024,-1.7931,7308
2.4112e+06,1.7257,272.8,0.4912,-1.7931,179
2.1289e+06,1.7257,271.87,0.525,-1.7931,2485
2.9289e+06,1.7257,272.81,0.499,-1.7931,4315
1.4842e+06,1.7257,274.19,0.50686,-1.7931,4.8436e+06
1.7293e+06,1.7257,275.01,0.50181,-1.7931,4.5907e+06
1.3978e+06,1.7257,283.1,0.49779,-1.7931,54721
1.2671e+06,1.7257,274.53,0.4896,-1.7931,3.1301e+05
1.5863e+06,1.7257,272.94,0.44256,-1.7931,38
1.7996e+06,1.7257,272.55,0.41315,-1.7931,1095
1.5413e+06,1.7257,272.84,0.38292,-1.7931,0
9.424e+05,1.7257,272.19,0.39674,-1.7931,19
1.0381e+06,1.7257,273.2,0.425,-1.7931,0
9.9245e+05,1.7257,274.39,0.3971,-1.7931,244
9.5035e+05,1.7257,274.39,0.37083,-1.7931,1.5952e+05
6.0412e+05,1.7257,275.23,0.37346,-1.7931,6967
9.9591e+05,1.7257,275.65,0.37083,-1.7931,30
7.6362e+05,1.7257,272.21,0.36756,-1.7931,2.1703e+05
8.1476e+05,1.7257,272.32,0.27491,-1.7931,63421
1.0489e+06,1.7257,272.81,0.28603,-1.7931,1.1336e+06
1.0722e+06,1.7257,272.21,0.3039,-1.7931,84467
5.2713e+05,1.4638,269.79,0.2854,-1.2154,6632
5.1847e+05,1.4638,275.02,0.2666,-1.2154,38
5.9259e+05,1.4638,278.97,0.24816,-1.2154,3.5763e+07
NaN,1.4638,276.66,0.24483,-1.2154,5.8783e+06
8.4843e+05,1.4638,280.59,0.21765,-1.2154,3.6653e+06
7.4787e+05,1.4638,272.21,0.20345,-1.2154,2.3234e+06
8.8315e+05,1.4638,271.96,0.20348,-1.2154,363
1.2191e+06,1.4638,274.66,0.225,-1.2154,1.9621e+05
1.0088e+06,1.4638,275.2,0.2244,-1.2154,3.4246e+06
1.0299e+06,1.4638,276.86,0.22573,-1.2154,1.1648e+06
1.5862e+06,1.4638,277.63,0.21886,-1.2154,1.7151e+07
1.5009e+06,1.4638,271.59,0.22996,-1.2154,94331
1.676e+06,1.4638,273.02,0.22506,-1.2154,412
1.8026e+06,1.4638,271.73,0.1987,-1.2154,615
1.5173e+06,1.4638,271.41,0.20707,-1.2154,3970
9.5054e+05,1.4638,269.64,0.21363,-1.2154,269
1.257e+06,1.4638,272.41,0.20405,-1.2154,1.5063e+05
1.6308e+06,1.4638,275.46,0.1974,-1.2154,1.9682e+06
1.907e+06,1.4638,272.27,0.19471,-1.2154,2.6105e+05
3.9484e+06,1.4638,272.54,0.2188,-1.2154,4.2394e+05
4.5232e+06,1.4638,268.34,0.21466,-1.2154,13939
4.3244e+06,1.4638,270.36,0.21666,-1.2154,2573
2.6715e+06,1.4638,268.27,0.22068,-1.2154,3523
2.5168e+06,1.4638,271.62,0.20233,-1.2154,1.1328e+07
2.2672e+06,1.4638,268.81,0.17479,-1.2154,91524
1.9726e+06,1.4638,267.17,0.16224,-1.2154,2494
1.456e+06,1.4638,268.34,0.17077,-1.2154,0
1.3743e+06,1.7826,268.34,0.18643,-1.7513,0
1.302e+06,1.7826,262.21,0.18712,-1.7513,0
1.2106e+06,1.7826,259.24,0.16768,-1.7513,0
8.7899e+05,1.7826,266.07,0.17264,-1.7513,0
9.2566e+05,1.7826,269.94,0.17433,-1.7513,0
7.5993e+05,1.7826,268.69,0.16781,-1.7513,615
1.1661e+06,1.7826,269.28,0.10535,-1.7513,995
9.9588e+05,1.7826,270.63,0.095314,-1.7513,1.0156e+06
9.9562e+05,1.7826,273.05,0.091808,-1.7513,1.7571e+06
7.1548e+05,1.7826,270.74,0.084492,-1.7513,2.9485e+06
1.1004e+06,1.7826,274.09,0.074909,-1.7513,1.0236e+06
1.2722e+06,1.7826,274.82,0.057225,-1.7513,7.99e+05
1.3793e+06,1.7826,278.11,0.062485,-1.7513,1.4485e+07
1.5505e+06,1.7826,272.76,0.071554,-1.7513,3.2416e+07
1.8653e+06,1.7826,270.78,0.068803,-1.7513,1.6799e+06
2.17e+06,1.7826,269.79,0.0776,-1.7513,1.6653e+05
1.7762e+06,1.7826,263.48,0.080623,-1.7513,1.6036e+05
1.5202e+06,1.7826,267.24,0.087092,-1.7513,13266
1.2443e+06,1.7826,272.96,0.10783,-1.7513,2.1397e+06
1.0318e+06,1.7826,267.73,0.127,-1.7513,3.4252e+06
1.4078e+06,1.7826,265.61,0.13691,-1.7513,1839
1.1399e+06,1.7826,258.35,0.1432,-1.7513,0
8.4908e+05,1.7826,255.63,0.13806,-1.7513,55
7.3176e+05,1.7826,257.51,0.13105,-1.7513,0
9.8878e+05,1.7826,261.29,0.1195,-1.7513,0
7.7956e+05,1.7826,260.81,0.11155,-1.7513,0
7.4233e+05,1.7826,263.75,0.11085,-1.7513,0
8.3835e+05,1.7826,270.54,0.11436,-1.7513,7059
9.1047e+05,1.7826,274.39,0.11992,-1.7513,1.0578e+05
1.4443e+06,1.7826,276.44,0.11929,-1.7513,3.8807e+07
2.4626e+06,2.5282,266.81,0.11768,-1.4729,9.1198e+07
3.4844e+06,2.5282,264.66,0.11992,-1.4729,1.5564e+06
3.5593e+06,2.5282,267.73,0.12509,-1.4729,2.3184e+05
2.8455e+06,2.5282,267.99,0.14501,-1.4729,9264
2.23e+06,2.5282,264.1,0.16865,-1.4729,1233
2.2414e+06,2.5282,267.16,0.17963,-1.4729,79
1.878e+06,2.5282,263.09,0.17902,-1.4729,418
1.4889e+06,2.5282,265.87,0.1834,-1.4729,33
1.1276e+06,2.5282,265.39,0.18238,-1.4729,0
5.9964e+05,2.5282,263.27,0.18168,-1.4729,0
1.0702e+06,2.5282,267.78,0.18171,-1.4729,0
1.5303e+06,2.5282,272.39,0.1783,-1.4729,89712
1.8944e+06,2.5282,271.87,0.17981,-1.4729,2.4506e+05
1.6408e+06,2.5282,271.5,0.18579,-1.4729,1.1062e+05
1.4705e+06,2.5282,272.55,0.1955,-1.4729,84959
1.4289e+06,2.5282,272.49,0.19885,-1.4729,2.6752e+06
1.4072e+06,2.5282,267.51,0.2003,-1.4729,9.3633e+05
1.1276e+06,2.5282,263.65,0.19163,-1.4729,2.561e+05
9.2432e+05,2.5282,267.64,0.18706,-1.4729,82738
1.3844e+06,2.5282,271.46,0.21227,-1.4729,3.7261e+06
1.0209e+06,2.5282,265.98,0.22158,-1.4729,1.0765e+06
7.5005e+05,2.5282,268.27,0.20989,-1.4729,1.8242e+05
9.3178e+05,2.5282,270.91,0.21007,-1.4729,56213
9.0285e+05,2.5282,272.86,0.19559,-1.4729,34488
8.9751e+05,2.5282,272.49,0.19937,-1.4729,3.9294e+05
1.1594e+06,2.5282,273,0.19474,-1.4729,3.929e+05
1.2359e+06,2.5282,272.99,0.17736,-1.4729,2.701e+05
2.36e+06,2.5282,274.04,0.16324,-1.4729,3.0728e+07
2.3284e+06,3.5702,273.43,0.161,-1.3655,5.1869e+06
2.2064e+06,3.5702,272.61,0.15922,-1.3655,6.4459e+06
1.8948e+06,3.5702,271.23,0.15922,-1.3655,3.6132e+06
1.7505e+06,3.5702,271.16,0.16357,-1.3655,1.8272e+06
1.3281e+06,3.5702,271.41,0.14553,-1.3655,7.6765e+05
1.0169e+06,3.5702,273.23,0.12799,-1.3655,1.4837e+06
1.1493e+06,3.5702,272.98,0.091415,-1.3655,1.8417e+06
1.3578e+06,3.5702,275.28,0.084311,-1.3655,7.2577e+06
1.6597e+06,3.5702,277.76,0.071554,-1.3655,1.4471e+07
3.011e+06,3.5702,278.82,0.066112,-1.3655,8.9945e+07
4.8728e+06,3.5702,272.71,0.075877,-1.3655,1.2534e+07
5.3264e+06,3.5702,270.01,0.075726,-1.3655,6.8651e+06
4.4858e+06,3.5702,271.67,0.054414,-1.3655,4.1395e+06
3.3508e+06,3.5702,269.77,0.05786,-1.3655,1.6716e+06
2.7539e+06,3.5702,268.27,0.06058,-1.3655,8.7882e+05
2.5042e+06,3.5702,270.65,0.056076,-1.3655,3.952e+05
2.3341e+06,3.5702,270.73,0.054927,-1.3655,5.2826e+05
2.0611e+06,3.5702,270.08,0.039994,-1.3655,90002
1.8749e+06,3.5702,268.91,0.019438,-1.3655,12125
1.7234e+06,3.5702,271.05,0.0094015,-1.3655,1.621e+05
1.2099e+06,3.5702,272.97,0.010701,-1.3655,7.9445e+05
1.2608e+06,3.5702,273.58,0,-1.3655,2.04e+06
1.6203e+06,3.5702,274.56,0.01312,-1.3655,1.6047e+06
1.4565e+06,3.5702,273.25,0.01055,-1.3655,1.4516e+06
1.2476e+06,3.5702,274.86,0.016385,-1.3655,4.5612e+06
1.4434e+06,3.5702,276.95,0.018531,-1.3655,6.0051e+06
1.4547e+06,3.5702,277.28,0.020979,-1.3655,9.4975e+06
1.4237e+06,3.5702,277.79,0.0487,-1.3655,7.1775e+06
1.7098e+06,4.7526,279.66,0.074577,-1.6021,1.3539e+07
2.0251e+06,4.7526,272.78,0.074577,-1.6021,2.0467e+07
2.4291e+06,4.7526,272.48,0.10783,-1.6021,3.4657e+06
2.1306e+06,4.7526,274.66,0.1373,-1.6021,2.9732e+06
1.9618e+06,4.7526,277.09,0.14108,-1.6021,4.467e+06
1.7275e+06,4.7526,274.97,0.17908,-1.6021,7.2582e+06
1.6051e+06,4.7526,274.76,0.1955,-1.6021,2.0986e+06
1.7119e+06,4.7526,282.36,0.21632,-1.6021,9.7257e+06
1.7295e+06,4.7526,283.42,0.23782,-1.6021,1.2106e+07
2.3672e+06,4.7526,283.03,0.23123,-1.6021,2.0445e+07
3.4502e+06,4.7526,280.67,0.26366,-1.6021,2.378e+07
4.6565e+06,4.7526,274.41,0.22875,-1.6021,5.8011e+06
5.0711e+06,4.7526,276.92,0.23579,-1.6021,3.3755e+06
4.6209e+06,4.7526,277.9,0.23851,-1.6021,4.998e+06
4.2033e+06,4.7526,278.84,0.26363,-1.6021,8.4454e+06
3.7269e+06,4.7526,279.99,0.24235,-1.6021,8.5291e+06
3.4924e+06,4.7526,284.49,0.25496,-1.6021,3.1342e+07
3.5799e+06,4.7526,279.83,0.25193,-1.6021,8.0917e+06
3.8251e+06,4.7526,287.82,0.23177,-1.6021,1.2036e+07
4.0395e+06,4.7526,285.76,0.22421,-1.6021,2.8792e+07
4.4926e+06,4.7526,278.37,0.20759,-1.6021,8.9087e+06
5.2402e+06,4.7526,277.59,0.21288,-1.6021,1.3054e+06
4.9795e+06,4.7526,278.31,0.15015,-1.6021,1.7206e+06
4.1832e+06,4.7526,284.02,0.11539,-1.6021,1.6312e+06
3.5628e+06,4.7526,285.11,0.082557,-1.6021,7.1814e+06
2.7242e+06,4.7526,280.38,0.1036,-1.6021,2.9879e+06
2.6233e+06,4.7526,282.62,0.14562,-1.6021,1.7036e+06
2.3327e+06,4.7526,284.08,0.18476,-1.6021,2.2259e+06
1.8809e+06,4.7526,284.81,0.18615,-1.6021,2.9115e+06
1.6881e+06,4.7526,285.81,0.23177,-1.6021,2.0927e+06
1.3861e+06,5.2789,286.12,0.2493,-1.5661,1.3112e+06
1.3058e+06,5.2789,286.98,0.29223,-1.5661,6.9039e+05
1.1551e+06,5.2789,286.86,0.33782,-1.5661,3.6184e+05
9.7699e+05,5.2789,285.41,0.38292,-1.5661,1.4905e+05
1.0058e+06,5.2789,285.35,0.40366,-1.5661,1.1583e+05
9.4425e+05,5.2789,285.64,0.43431,-1.5661,67221
1.0434e+06,5.2789,287.34,0.42633,-1.5661,25481
9.6809e+05,5.2789,289.12,0.42328,-1.5661,2853
9.6844e+05,5.2789,289.25,0.43912,-1.5661,0
1.2502e+06,5.2789,290.35,0.43507,-1.5661,0
1.3787e+06,5.2789,289.73,0.44979,-1.5661,0
1.6005e+06,5.2789,288.07,0.46115,-1.5661,0
1.5227e+06,5.2789,280.48,0.45849,-1.5661,0
1.3442e+06,5.2789,280.39,0.46917,-1.5661,17333
1.1925e+06,5.2789,281.44,0.48029,-1.5661,14
1.4285e+06,5.2789,286.71,0.50082,-1.5661,0
1.116e+06,5.2789,285.47,0.47325,-1.5661,0
9.5952e+05,5.2789,285.68,0.46134,-1.5661,0
7.8941e+05,5.2789,286.65,0.46515,-1.5661,0
7.2679e+05,5.2789,290.42,0.46016,-1.5661,0
9.0399e+05,5.2789,293.12,0.47663,-1.5661,0
1.0255e+06,5.2789,293.28,0.46454,-1.5661,0
1.956e+06,5.2789,294.05,0.50686,-1.5661,0
4.1206e+06,5.2789,289.3,0.49477,-1.5661,0
5.7943e+06,5.2789,279.28,0.50686,-1.5661,0
6.8413e+06,5.2789,278.97,0.46545,-1.5661,2.3805e+06
7.8438e+06,5.2789,282.81,0.46252,-1.5661,7.7473e+06
8.3641e+06,5.2789,284.58,0.47186,-1.5661,1.9409e+06
8.0746e+06,5.2789,287.23,0.50589,-1.5661,1.7966e+05
7.6469e+06,5.2789,294.52,0.49791,-1.5661,17671
6.9274e+06,5.2789,295.82,0.49187,-1.5661,0
5.5319e+06,5.5269,296.56,0.48147,1.238,0
4.0034e+06,5.5269,296.61,0.4627,1.238,0
3.7151e+06,5.5269,293.59,0.47059,1.238,0
3.849e+06,5.5269,285.84,0.47019,1.238,0
3.4403e+06,5.5269,285.95,0.4607,1.238,0
3.2047e+06,5.5269,286.8,0.47261,1.238,0
2.927e+06,5.5269,286.1,0.46862,1.238,0
5.5083e+06,5.5269,288.25,0.47092,1.238,0
6.5776e+06,5.5269,290.29,0.47563,1.238,0
6.4705e+06,5.5269,289.5,0.46965,1.238,0
6.4894e+06,5.5269,288.66,0.47025,1.238,0
7.6736e+06,5.5269,287.83,0.47189,1.238,0
8.56e+06,5.5269,286.94,0.47246,1.238,0
1.0621e+07,5.5269,288.4,0.4795,1.238,0
1.1217e+07,5.5269,289.23,0.47361,1.238,0
1.0171e+07,5.5269,287.62,0.47802,1.238,0
7.807e+06,5.5269,291.35,0.47966,1.238,0
5.4388e+06,5.5269,290.17,0.47361,1.238,0
4.552e+06,5.5269,287.96,0.46805,1.238,0
4.0768e+06,5.5269,288.75,0.47316,1.238,0
3.2215e+06,5.5269,291.19,0.47733,1.238,0
2.521e+06,5.5269,291.59,0.50472,1.238,0
1.907e+06,5.5269,295.37,0.49401,1.238,0
1.8616e+06,5.5269,297.01,0.51125,1.238,0
1.9428e+06,5.5269,296.73,0.52319,1.238,0
2.1553e+06,5.5269,295.46,0.54652,1.238,0
1.9621e+06,5.5269,295.28,0.55148,1.238,0
2.5005e+06,5.5269,293.12,0.57125,1.238,0
3.8502e+06,5.5269,294.53,0.5857,1.238,0
4.9472e+06,5.5269,295.29,0.59973,1.238,0
4.5369e+06,5.6711,294.45,0.61378,1.5182,0
4.2333e+06,5.6711,294.37,0.60408,1.5182,0
4.2548e+06,5.6711,295.88,0.60831,1.5182,0
5.8883e+06,5.6711,297.9,0.60224,1.5182,0
6.7186e+06,5.6711,298.65,0.59347,1.5182,0
6.5101e+06,5.6711,297.97,0.59407,1.5182,0
5.0758e+06,5.6711,297.15,0.60955,1.5182,0
4.0696e+06,5.6711,296.75,0.60747,1.5182,0
3.2431e+06,5.6711,295.86,0.61155,1.5182,0
2.8216e+06,5.6711,294.94,0.62476,1.5182,0
7.8823e+05,4.0453,288.12,0.838,1.4791,0
4.5496e+05,4.0453,297.37,0.82657,1.4791,0
6.5115e+05,4.0453,296.63,0.8019,1.4791,0
1.1265e+06,4.0453,290.82,0.79199,1.4791,0
2.1548e+06,4.0453,286.39,0.78891,1.4791,0
2.4241e+06,4.0453,285.73,0.764,1.4791,0
2.2444e+06,4.0453,281.88,0.75726,1.4791,0
2.0856e+06,4.0453,283.51,0.75535,1.4791,0
1.678e+06,4.0453,286.79,0.78071,1.4791,0
1.2268e+06,4.0453,288.33,0.79268,1.4791,0
1.0844e+06,4.0453,288.2,0.789,1.4791,0
1.031e+06,4.0453,283.16,0.79837,1.4791,0
1.6825e+06,4.0453,282.26,0.78014,1.4791,0
1.2294e+06,4.0453,283.6,0.75484,1.4791,0
1.173e+06,4.0453,287.16,0.73703,1.4791,0
1.055e+06,4.0453,287.97,0.74764,1.4791,0
9.3662e+05,4.0453,289.03,0.74537,1.4791,0
8.2283e+05,4.0453,288.03,0.77358,1.4791,0
7.9256e+05,4.0453,287.08,0.79404,1.4791,0
9.5979e+05,2.6211,287.85,0.78842,-1.0038,0
NaN,2.6211,289.48,0.80363,-1.0038,0
NaN,2.6211,288.62,0.79776,-1.0038,0
NaN,2.6211,286.01,0.79356,-1.0038,0
NaN,2.6211,287.92,0.78498,-1.0038,0
NaN,2.6211,285.79,0.87421,-1.0038,0
NaN,2.6211,288.78,0.86385,-1.0038,0
NaN,2.6211,285.4,0.79386,-1.0038,0
NaN,2.6211,281.62,0.72255,-1.0038,0
1.4003e+06,2.6211,283.09,0.6968,-1.0038,0
8.8274e+05,2.6211,285.65,0.67385,-1.0038,0
NaN,2.6211,284.75,0.65067,-1.0038,0
NaN,2.6211,284.09,0.62902,-1.0038,0
NaN,2.6211,287.37,0.612,-1.0038,0
6.9301e+05,2.6211,286.7,0.61321,-1.0038,0
7.5837e+05,2.6211,283.07,0.60027,-1.0038,0
1.5243e+06,2.6211,283.29,0.60532,-1.0038,0
1.7953e+06,2.6211,281.77,0.60719,-1.0038,0
1.6626e+06,2.6211,282.18,0.57881,-1.0038,0
1.3638e+06,2.6211,278.51,0.55629,-1.0038,0
1.7369e+06,2.6211,278.04,0.58117,-1.0038,18188
1.7418e+06,2.6211,276.97,0.57703,-1.0038,4.5202e+05
1.0871e+06,2.6211,276.99,0.56128,-1.0038,7160
1.3108e+06,2.6211,279.05,0.53235,-1.0038,1.0429e+06
1.0593e+06,2.6211,277.35,0.5507,-1.0038,6.0977e+05
5.3352e+05,2.6211,277.09,0.53978,-1.0038,1.0434e+06
5.8916e+05,2.6211,275.24,0.52237,-1.0038,743
5.8149e+05,2.6211,277.7,0.52137,-1.0038,2.4183e+06
6.6272e+05,1.7257,287.4,0.51533,0.7987,2.4971e+06
8.4662e+05,1.7257,282.73,0.50444,0.7987,0
2.0613e+06,1.7257,277.72,0.46817,0.7987,13394
1.9335e+06,1.7257,274.02,0.47361,0.7987,0
NaN,1.7257,274.22,0.49075,0.7987,0
NaN,1.7257,276.81,0.49024,0.7987,321
NaN,1.7257,282.48,0.4912,0.7987,0
NaN,1.7257,276.32,0.525,0.7987,17
NaN,1.7257,274.88,0.499,0.7987,31486
NaN,1.7257,276.2,0.50686,0.7987,9458
NaN,1.7257,276.28,0.50181,0.7987,7.6814e+06
NaN,1.7257,274.42,0.50257,0.7987,1.2915e+06
NaN,1.7257,270.66,0.51433,0.7987,2.512e+05
NaN,1.7257,272.6,0.49779,0.7987,0
NaN,1.7257,274.06,0.4896,0.7987,2.067e+05
NaN,1.7257,276.24,0.44256,0.7987,1.1309e+06
NaN,1.7257,277,0.41315,0.7987,1.637e+06
NaN,1.7257,284.01,0.38292,0.7987,6.9878e+06
9.49e+05,1.7257,275.43,0.39674,0.7987,75085
1.0554e+06,1.7257,271.41,0.41424,0.7987,1187
1.1984e+06,1.7257,271.22,0.425,0.7987,5
1.1333e+06,1.7257,274.36,0.3971,0.7987,4141
8.7831e+05,1.7257,274.88,0.37083,0.7987,7.4009e+05
1.1529e+06,1.7257,268.34,0.37346,0.7987,4.404e+05
6.5545e+05,1.7257,265.3,0.37083,0.7987,893
1.1267e+06,1.7257,270.81,0.36756,0.7987,0
1.1437e+06,1.7257,276.15,0.32796,0.7987,2.92e+06
2.7137e+06,1.7257,270.66,0.27491,0.7987,1.3559e+08
3.2641e+06,1.7257,267.2,0.28603,0.7987,15716
3.2853e+06,1.7257,267.28,0.3039,0.7987,54
2.3997e+06,1.4638,271.42,0.29096,0.0881,110
1.2671e+06,1.4638,273.38,0.2854,0.0881,1.3364e+05
1.4895e+06,1.4638,274.34,0.2666,0.0881,34402
1.7878e+06,1.4638,272.85,0.24816,0.0881,6.7182e+05
1.6938e+06,1.4638,274.91,0.24483,0.0881,96109
1.7803e+06,1.4638,278.45,0.21765,0.0881,9.3679e+06
1.4346e+06,1.4638,272.9,0.20345,0.0881,6.9999e+06
1.7295e+06,1.4638,271.5,0.20348,0.0881,8666
1.578e+06,1.4638,270.45,0.225,0.0881,11
1.8485e+06,1.4638,271.33,0.2244,0.0881,58070
1.3581e+06,1.4638,267.84,0.22573,0.0881,1.2364e+06
8.5199e+05,1.4638,266.3,0.21886,0.0881,9
1.3057e+06,1.4638,266.05,0.22996,0.0881,10
6.7304e+05,1.4638,262.09,0.22506,0.0881,0
7.4316e+05,1.4638,265.8,0.1987,0.0881,0
5.5877e+05,1.4638,265.12,0.20707,0.0881,0
3.9302e+05,1.4638,262.39,0.21363,0.0881,0
5.7794e+05,1.4638,264.46,0.20405,0.0881,0
6.5766e+05,1.4638,268.55,0.1974,0.0881,0
6.3502e+05,1.4638,270.97,0.19105,0.0881,557
9.2826e+05,1.4638,274.63,0.19471,0.0881,5.197e+06
1.1414e+06,1.4638,276.64,0.20118,0.0881,8.171e+07
1.6094e+06,1.4638,277.75,0.2188,0.0881,5.4823e+07
3.6618e+06,1.4638,271.12,0.21466,0.0881,1.9516e+07
4.2411e+06,1.4638,264.78,0.21666,0.0881,2.4418e+05
3.3027e+06,1.4638,266.89,0.22288,0.0881,94
2.608e+06,1.4638,268.92,0.22068,0.0881,0
2.2518e+06,1.4638,270.14,0.20233,0.0881,42
1.7261e+06,1.4638,272.11,0.17479,0.0881,2.2634e+05
2.459e+06,1.4638,271.73,0.16224,0.0881,1.6084e+07
2.5575e+06,1.4638,262.44,0.17077,0.0881,4.5956e+05
2.14e+06,1.7826,264.4,0.18643,0.4184,1034
1.643e+06,1.7826,261.96,0.18712,0.4184,0
6.0524e+05,1.7826,256.28,0.16768,0.4184,0
6.7528e+05,1.7826,255,0.17264,0.4184,0
1.083e+06,1.7826,264.99,0.17433,0.4184,0
1.5208e+06,1.7826,273.85,0.16781,0.4184,37974
1.9244e+06,1.7826,265.17,0.12533,0.4184,9.5427e+07
2.0254e+06,1.7826,260.61,0.10535,0.4184,4.6252e+05
2.2899e+06,1.7826,262.52,0.095314,0.4184,5613
1.9372e+06,1.7826,263.87,0.091808,0.4184,1
1.7938e+06,1.7826,272.65,0.084492,0.4184,8463
2.8351e+06,1.7826,274.96,0.074909,0.4184,9.9559e+07
3.9827e+06,1.7826,272.36,0.057225,0.4184,2.0706e+07
4.9037e+06,1.7826,274.96,0.062485,0.4184,3.9644e+06
5.2315e+06,1.7826,274.68,0.071554,0.4184,2.0086e+07
5.2165e+06,1.7826,273.43,0.068803,0.4184,4.4166e+06
5.3521e+06,1.7826,271.83,0.0776,0.4184,1.8269e+06
4.8175e+06,1.7826,271.08,0.080623,0.4184,8.7370e+05
4.0308e+06,1.7826,270.74,0.087092,0.4184,8.9556e+05
3.4418e+06,1.7826,269.92,0.10783,0.4184,2.3862e+05
3.0717e+06,1.7826,263.42,0.127,0.4184,5.028e+05
2.2716e+06,1.7826,258.03,0.13691,0.4184,33584
1.1095e+06,1.7826,257.07,0.1432,0.4184,2935
1.1478e+06,1.7826,259.26,0.13806,0.4184,92
1.478e+06,1.7826,263.63,0.13105,0.4184,0
1.725e+06,1.7826,264.89,0.1195,0.4184,0
1.4866e+06,1.7826,266.78,0.11155,0.4184,0
1.4384e+06,1.7826,262.76,0.11085,0.4184,5.6748e+05
1.4716e+06,1.7826,261.89,0.11436,0.4184,335
1.4399e+06,1.7826,262.56,0.11992,0.4184,2
1.403e+06,1.7826,265.93,0.11929,0.4184,2
1.2893e+06,2.5282,269.69,0.11768,1.0973,114
1.2144e+06,2.5282,273.03,0.11992,1.0973,3.8438e+05
1.1445e+06,2.5282,271.61,0.12509,1.0973,4.5652e+06
1.1182e+06,2.5282,267.92,0.14501,1.0973,2.0974e+05
1.0032e+06,2.5282,268.78,0.16865,1.0973,41
1.0295e+06,2.5282,266.31,0.17963,1.0973,0
1.2419e+06,2.5282,265.03,0.17902,1.0973,0
9.6618e+05,2.5282,264.91,0.1834,1.0973,0
9.1035e+05,2.5282,266.26,0.18238,1.0973,0
8.7778e+05,2.5282,266.26,0.18168,1.0973,0
8.623e+05,2.5282,264,0.18171,1.0973,0
9.0244e+05,2.5282,262.59,0.1783,1.0973,0
7.4506e+05,2.5282,265.22,0.17981,1.0973,0
9.6979e+05,2.5282,270.71,0.18579,1.0973,0
5.8646e+05,2.5282,268.8,0.1955,1.0973,3.1194e+05
6.7751e+05,2.5282,263.95,0.19163,1.0973,11972
8.7011e+05,2.5282,269.29,0.18706,1.0973,576
9.0244e+05,2.5282,272.53,0.21227,1.0973,0
7.4896e+05,2.5282,273.81,0.22158,1.0973,744
8.9806e+05,2.5282,273.77,0.20989,1.0973,1.4241e+06
1.0688e+06,2.5282,273.32,0.21007,1.0973,5.0845e+06
1.2911e+06,2.5282,271,0.19559,1.0973,3.6188e+06
1.4011e+06,2.5282,264.95,0.19937,1.0973,1.8477e+06
1.1653e+06,2.5282,264.13,0.19474,1.0973,6.0393e+05
1.07e+06,2.5282,260.83,0.17736,1.0973,53479
1.0121e+06,2.5282,262.6,0.16324,1.0973,144
9.642e+05,3.5702,262.8,0.161,1.8194,0
1.154e+06,3.5702,269.2,0.15922,1.8194,0
8.1402e+05,3.5702,263.58,0.15922,1.8194,0
7.0064e+05,3.5702,258.82,0.16357,1.8194,0
8.5221e+05,3.5702,265.06,0.14553,1.8194,0
6.5863e+05,3.5702,262.06,0.12799,1.8194,0
7.366e+05,3.5702,261.95,0.091415,1.8194,2
6.5625e+05,3.5702,267.48,0.091415,1.8194,1041
6.6188e+05,3.5702,269.36,0.09997,1.8194,1.4642e+06
4.8844e+05,3.5702,268.99,0.097884,1.8194,7.461e+05
6.6418e+05,3.5702,272.8,0.084311,1.8194,5.0101e+05
7.6415e+05,3.5702,272.16,0.071554,1.8194,1.2839e+07
1.617e+06,3.5702,264.32,0.066112,1.8194,1.1023e+07
1.1701e+06,3.5702,262.78,0.075877,1.8194,6.7761e+05
1.3795e+06,3.5702,272.31,0.075726,1.8194,56542
1.136e+06,3.5702,268.94,0.054414,1.8194,7.074e+06
9.9282e+05,3.5702,262.46,0.05786,1.8194,4.6911e+05
1.3263e+06,3.5702,264.46,0.06058,1.8194,7245
9.3135e+05,3.5702,268.31,0.056076,1.8194,12965
1.2709e+06,3.5702,273.33,0.054927,1.8194,2.009e+06
1.4686e+06,3.5702,271.97,0.039994,1.8194,5.6464e+06
1.3859e+06,3.5702,268.65,0.019438,1.8194,1.0059e+06
1.2666e+06,3.5702,270.68,0.0094015,1.8194,4.7758e+06
1.0889e+06,3.5702,265.07,0.010701,1.8194,6.2262e+05
9.9295e+05,3.5702,265.58,0,1.8194,12817
1.069e+06,3.5702,268.04,0.01312,1.8194,702
8.6704e+05,3.5702,266.27,0.01055,1.8194,5724
6.0444e+05,3.5702,272.75,0.016385,1.8194,9768
6.7262e+05,3.5702,276.9,0.018531,1.8194,1.0254e+07
NaN,3.5702,275.24,0.020979,1.8194,4.1777e+07
NaN,3.5702,272.29,0.0487,1.8194,6.2512e+07
6.9741e+06,4.7526,273.11,0.074577,2.1026,1.3429e+07
6.732e+06,4.7526,273.21,0.074577,2.1026,1.5293e+07
5.7639e+06,4.7526,273.02,0.10783,2.1026,2.0064e+07
4.9449e+06,4.7526,272.27,0.1373,2.1026,1.2544e+07
4.7497e+06,4.7526,275.39,0.14108,2.1026,1.1921e+07
4.719e+06,4.7526,274.81,0.17908,2.1026,1.031e+07
4.5355e+06,4.7526,275.53,0.1955,2.1026,9.9788e+06
4.5794e+06,4.7526,279.79,0.21632,2.1026,2.3339e+07
5.0501e+06,4.7526,278.32,0.23782,2.1026,6.9542e+07
5.5977e+06,4.7526,275.67,0.23123,2.1026,1.1712e+07
5.9194e+06,4.7526,281.7,0.26366,2.1026,3.6132e+07
5.8731e+06,4.7526,282.38,0.22875,2.1026,4.4601e+07
6.3066e+06,4.7526,280.52,0.23579,2.1026,1.9789e+07
NaN,4.7526,287.47,0.23851,2.1026,2.5464e+07
6.9643e+06,4.7526,286.3,0.26363,2.1026,6.5559e+07
8.0352e+06,4.7526,274.97,0.24235,2.1026,2.4087e+07
8.7096e+06,4.7526,273.92,0.25496,2.1026,6.6114e+05
9.082e+06,4.7526,275.81,0.25193,2.1026,2.3158e+06
9.4486e+06,4.7526,278.56,0.23177,2.1026,5.5096e+06
9.5432e+06,4.7526,279.64,0.22421,2.1026,5.5061e+06
8.544e+06,4.7526,280.94,0.20759,2.1026,1.8381e+06
6.4799e+06,4.7526,284.53,0.21288,2.1026,2.7999e+06
5.2047e+06,4.7526,282.4,0.15015,2.1026,2.8894e+06
4.3626e+06,4.7526,278.26,0.11539,2.1026,7.4488e+05
3.7751e+06,4.7526,280.43,0.082557,2.1026,2.9846e+05
3.5404e+06,4.7526,280.49,0.1036,2.1026,2.9733e+05
3.8452e+06,4.7526,279.49,0.14562,2.1026,8.5104e+05
4.14e+06,4.7526,281.06,0.18476,2.1026,5.2903e+05
3.8672e+06,4.7526,282.04,0.18615,2.1026,5.3534e+05
3.7439e+06,4.7526,277.63,0.23177,2.1026,7.1476e+05
5.6365e+06,5.2789,283.1,0.2493,-0.0535,8.5451e+05
7.4507e+06,5.2789,284.63,0.29223,-0.0535,2.3637e+06
7.5214e+06,5.2789,283.29,0.33782,-0.0535,1.0882e+06
6.6771e+06,5.2789,283.12,0.38292,-0.0535,5.165e+05
5.3724e+06,5.2789,282.55,0.40366,-0.0535,6.694e+05
4.7342e+06,5.2789,281.61,0.43431,-0.0535,1.9866e+05
4.574e+06,5.2789,282.43,0.42633,-0.0535,1.0142e+05
4.361e+06,5.2789,283.84,0.42328,-0.0535,1.9332e+05
3.5874e+06,5.2789,283.68,0.43912,-0.0535,1.8436e+05
3.1888e+06,5.2789,290.12,0.43507,-0.0535,2.4046e+05
3.2146e+06,5.2789,289.48,0.44979,-0.0535,1.9947e+05
2.8282e+06,5.2789,287.9,0.46115,-0.0535,2362
2.7912e+06,5.2789,285.74,0.45849,-0.0535,3431
2.8545e+06,5.2789,286.51,0.46917,-0.0535,542
2.4037e+06,5.2789,290.93,0.48029,-0.0535,0
2.0082e+06,5.2789,291.41,0.50082,-0.0535,0
3.1239e+06,5.2789,291.1,0.47325,-0.0535,0
4.8954e+06,5.2789,285.19,0.46134,-0.0535,0
5.8083e+06,5.2789,283.13,0.46515,-0.0535,0
5.4909e+06,5.2789,285.56,0.46016,-0.0535,0
4.3329e+06,5.2789,287.89,0.47663,-0.0535,0
3.7032e+06,5.2789,287.35,0.46454,-0.0535,0
3.5218e+06,5.2789,286.47,0.50686,-0.0535,0
3.8615e+06,5.2789,286.56,0.49477,-0.0535,0
4.9044e+06,5.2789,288.46,0.50686,-0.0535,0
4.5349e+06,5.2789,288.9,0.46545,-0.0535,0
3.6421e+06,5.2789,291.93,0.46252,-0.0535,0
3.4109e+06,5.2789,286.89,0.47186,-0.0535,0
3.4056e+06,5.2789,285.04,0.50589,-0.0535,0
3.7436e+06,5.2789,286.81,0.49791,-0.0535,0
3.9633e+06,5.2789,287.58,0.49187,-0.0535,0
3.4589e+06,5.5269,287.67,0.48147,-0.8027,0
2.5901e+06,5.5269,290.15,0.4627,-0.8027,0
NaN,5.5269,293.16,0.47059,-0.8027,0
NaN,5.5269,292.5,0.47019,-0.8027,0
NaN,5.5269,290.04,0.4607,-0.8027,0
2.253e+06,5.5269,288.68,0.47261,-0.8027,0
1.6702e+06,5.5269,290.73,0.46862,-0.8027,0
1.502e+06,5.5269,293.2,0.47092,-0.8027,0
1.5531e+06,5.5269,292.65,0.47563,-0.8027,0
1.3937e+06,5.5269,293.67,0.46965,-0.8027,0
1.2436e+06,5.5269,291.2,0.47025,-0.8027,0
1.2253e+06,5.5269,288.5,0.47189,-0.8027,0
1.3225e+06,5.5269,290.79,0.47246,-0.8027,0
2.6167e+06,5.5269,289.77,0.47361,-0.8027,0
2.4075e+06,5.5269,290.24,0.47802,-0.8027,0
2.0686e+06,5.5269,293.45,0.47966,-0.8027,0
1.6243e+06,5.5269,295.19,0.47361,-0.8027,0
1.4177e+06,5.5269,292.75,0.46805,-0.8027,0
1.2134e+06,5.5269,287.3,0.47316,-0.8027,0
1.0199e+06,5.5269,288.37,0.47733,-0.8027,0
1.0963e+06,5.5269,290.15,0.50472,-0.8027,0
9.3786e+05,5.5269,291.97,0.49401,-0.8027,0
9.0825e+05,5.5269,292.08,0.51125,-0.8027,0
7.5676e+05,5.5269,294.08,0.52319,-0.8027,0
1.2096e+06,5.5269,293.45,0.54652,-0.8027,0
3.1681e+06,5.5269,293.11,0.55148,-0.8027,0
3.761e+06,5.5269,292.25,0.57125,-0.8027,0
2.8948e+06,5.5269,293.63,0.5857,-0.8027,0
2.1456e+06,5.5269,295.55,0.59973,-0.8027,0
1.7303e+06,5.6711,297.11,0.61378,-0.2169,0
1.2993e+06,5.6711,298.87,0.60408,-0.2169,0
1.3974e+06,5.6711,297.35,0.60831,-0.2169,0
2.5418e+06,5.6711,293.96,0.60224,-0.2169,0
3.4287e+06,5.6711,290.38,0.59347,-0.2169,0
3.9453e+06,5.6711,291.32,0.59407,-0.2169,0
3.0537e+06,5.6711,292.14,0.60955,-0.2169,0
2.6101e+06,5.6711,296.49,0.60747,-0.2169,0
2.5514e+06,5.6711,295.89,0.61155,-0.2169,0
2.5012e+06,5.6711,292.91,0.62476,-0.2169,0
2.3667e+06,5.6711,291.47,0.66608,-0.2169,0
2.0033e+06,5.6711,292.65,0.67917,-0.2169,0
1.8239e+06,5.6711,294.87,0.68733,-0.2169,0
1.6975e+06,5.6711,296.33,0.72452,-0.2169,0
1.8196e+06,5.6711,295.77,0.752,-0.2169,0
1.8486e+06,5.6711,294.78,0.75892,-0.2169,0
2.7155e+06,5.6711,292.48,0.74102,-0.2169,0
2.8431e+06,5.6711,290.79,0.76929,-0.2169,0
2.2149e+06,5.6711,291.46,0.79278,-0.2169,0
1.6993e+06,5.6711,290.88,0.80822,-0.2169,0
1.634e+06,5.6711,292.39,0.80405,-0.2169,0
1.768e+06,5.6711,295.09,0.81264,-0.2169,0
1.4958e+06,5.6711,296.91,0.82488,-0.2169,0
1.5369e+06,5.6711,294.18,0.83727,-0.2169,0
1.7662e+06,5.6711,290.63,0.83939,-0.2169,0
1.6078e+06,5.6711,291.65,0.83108,-0.2169,0
1.3907e+06,5.6711,291.36,0.80834,-0.2169,0
1.5418e+06,5.6711,292.47,0.83222,-0.2169,0
2.4384e+06,5.6711,291.57,0.86953,-0.2169,0
3.3479e+06,5.6711,290.21,0.9175,-0.2169,0
3.2172e+06,5.6711,291.06,0.95565,-0.2169,0
2.2407e+06,5.0635,292.33,0.98449,-0.0506,0
1.7599e+06,5.0635,293.35,1,-0.0506,0
1.094e+06,5.0635,292.91,0.98241,-0.0506,0
6.7697e+05,5.0635,293.46,0.96965,-0.0506,0
5.9872e+05,5.0635,294.58,0.97935,-0.0506,0
7.1465e+05,5.0635,292.78,0.94247,-0.0506,0
9.2589e+05,5.0635,289.48,0.89873,-0.0506,0
9.5507e+05,5.0635,289.33,0.89096,-0.0506,0
1.0121e+06,5.0635,292.11,0.88552,-0.0506,0
9.8531e+05,5.0635,293.36,0.88171,-0.0506,0
9.6444e+05,5.0635,293.11,0.88933,-0.0506,0
1.2335e+06,5.0635,292.69,0.8938,-0.0506,0
1.3246e+06,5.0635,291.32,0.8938,-0.0506,0
2.7838e+06,5.0635,290,0.89537,-0.0506,0
3.8595e+06,5.0635,286.03,0.89371,-0.0506,0
2.68e+06,5.0635,289.02,0.88096,-0.0506,0
2.2854e+06,5.0635,289.98,0.86091,-0.0506,0
1.8892e+06,5.0635,289.17,0.83655,-0.0506,0
1.3269e+06,5.0635,289.39,0.84417,-0.0506,0
1.2192e+06,5.0635,291.87,0.84335,-0.0506,0
1.3235e+06,5.0635,291.04,0.83174,-0.0506,0
1.3088e+06,5.0635,289.9,0.83032,-0.0506,0
1.5902e+06,5.0635,291.75,0.81001,-0.0506,0
1.765e+06,5.0635,292.81,0.74598,-0.0506,0
1.3806e+06,5.0635,293.8,0.74238,-0.0506,0
1.2822e+06,5.0635,294.64,0.74568,-0.0506,0
1.1065e+06,5.0635,295.01,0.74625,-0.0506,0
9.5259e+05,5.0635,292.67,0.75027,-0.0506,0
8.7868e+05,5.0635,289.88,0.7646,-0.0506,0
5.8665e+05,5.0635,290.66,0.78349,-0.0506,0
5.7765e+05,5.0635,293.63,0.79398,-0.0506,0
7.6051e+05,4.0453,296.19,0.80438,-0.883,0
7.5849e+05,4.0453,296.01,0.81475,-0.883,0
1.001e+06,4.0453,294.85,0.82524,-0.883,0
6.819e+05,4.0453,291.72,0.82385,-0.883,0
7.0282e+05,4.0453,294.45,0.81856,-0.883,0
9.5416e+05,4.0453,296.37,0.81333,-0.883,0
8.4011e+05,4.0453,291.57,0.82881,-0.883,0
6.4533e+05,4.0453,289,0.84858,-0.883,0
6.6226e+05,4.0453,288.15,0.84537,-0.883,0
7.2302e+05,4.0453,289.6,0.838,-0.883,0
7.7954e+05,4.0453,289.36,0.82657,-0.883,0
7.6236e+05,4.0453,288.84,0.8019,-0.883,0
4.9756e+05,4.0453,283.94,0.79199,-0.883,0
6.5055e+05,4.0453,285.85,0.78891,-0.883,0
5.4785e+05,4.0453,282.7,0.77763,-0.883,0
5.0772e+05,4.0453,284.68,0.764,-0.883,0
4.9208e+05,4.0453,285.84,0.75726,-0.883,0
5.5576e+05,4.0453,284.97,0.75535,-0.883,0
4.8447e+05,4.0453,282.68,0.78071,-0.883,0
5.8455e+05,4.0453,283.01,0.79268,-0.883,0
5.3976e+05,4.0453,290.58,0.789,-0.883,0
7.8576e+05,4.0453,289.5,0.79051,-0.883,0
4.8494e+05,4.0453,283.54,0.79837,-0.883,0
4.659e+05,4.0453,286.54,0.78014,-0.883,0
5.9658e+05,4.0453,286.88,0.75484,-0.883,0
5.4185e+05,4.0453,287.69,0.73703,-0.883,0
5.0123e+05,4.0453,289.83,0.74764,-0.883,0
3.3094e+05,4.0453,291.54,0.74537,-0.883,0
3.9732e+05,4.0453,290.76,0.77358,-0.883,0
4.2578e+05,4.0453,289.99,0.79404,-0.883,0
5.5223e+05,2.6211,287.25,0.78842,0.6938,0
3.7873e+05,2.6211,288.32,0.80363,0.6938,0
3.2951e+05,2.6211,286.43,0.79776,0.6938,0
4.0484e+05,2.6211,284.98,0.79356,0.6938,0
8.0043e+05,2.6211,284.37,0.78498,0.6938,0
1.0391e+06,2.6211,281.54,0.87421,0.6938,0
1.0515e+06,2.6211,285.63,0.86385,0.6938,0
8.8453e+05,2.6211,287.96,0.79386,0.6938,0
NaN,2.6211,283.75,0.72255,0.6938,0
7.2926e+05,2.6211,281.66,0.6968,0.6938,0
NaN,2.6211,281.26,0.66829,0.6938,0
8.2572e+05,2.6211,282,0.67385,0.6938,0
6.1512e+05,2.6211,279.8,0.65067,0.6938,0
7.0016e+05,2.6211,289.42,0.62902,0.6938,0
5.2253e+05,2.6211,293.03,0.612,0.6938,0
6.8097e+05,2.6211,292.03,0.61321,0.6938,0
1.6269e+06,2.6211,289.03,0.62013,0.6938,0
1.9042e+06,2.6211,286.98,0.60807,0.6938,0
2.0911e+06,2.6211,281.35,0.60027,0.6938,0
1.3037e+06,2.6211,277.12,0.60532,0.6938,0
1.2435e+06,2.6211,281.19,0.60719,0.6938,254
1.0547e+06,2.6211,281.84,0.57881,0.6938,0
1.6499e+06,2.6211,280.73,0.55629,0.6938,0
3.9879e+06,2.6211,280.88,0.58117,0.6938,0
4.936e+06,2.6211,282.48,0.57703,0.6938,0
NaN,2.6211,280.98,0.56128,0.6938,0
NaN,2.6211,280.79,0.53235,0.6938,0
NaN,2.6211,280.77,0.5507,0.6938,0
2.7608e+06,2.6211,285.45,0.53978,0.6938,0
2.6118e+06,2.6211,280.8,0.52237,0.6938,0
2.1896e+06,2.6211,279.56,0.52137,0.6938,0
1.7135e+06,1.7257,278.14,0.51533,0.799,208
2.5241e+06,1.7257,275.06,0.50444,0.799,8.6684e+05
NaN,1.7257,273.77,0.46817,0.799,37983
1.3481e+06,1.7257,277.53,0.47361,0.799,35254
1.7119e+06,1.7257,282.4,0.49075,0.799,1.4645e+05
1.2576e+06,1.7257,278.87,0.49024,0.799,148
1.5058e+06,1.7257,278.41,0.4912,0.799,3.7657e+05
1.2499e+06,1.7257,275.04,0.525,0.799,3.4783e+05
1.2148e+06,1.7257,277.17,0.499,0.799,4537
1.2098e+06,1.7257,277.02,0.50686,0.799,3.6756e+05
1.1603e+06,1.7257,279.06,0.50181,0.799,5.3313e+05
1.1009e+06,1.7257,283.12,0.50257,0.799,1.2202e+06
1.0815e+06,1.7257,276.16,0.51433,0.799,0
1.0833e+06,1.7257,273.75,0.49779,0.799,94209
1.0995e+06,1.7257,271.77,0.4896,0.799,1.7983e+05
8.2939e+05,1.7257,270.57,0.44256,0.799,265
7.8172e+05,1.7257,273.91,0.41315,0.799,35149
1.7698e+06,1.7257,273.21,0.38292,0.799,3.5295e+07
1.6963e+06,1.7257,269.46,0.39674,0.799,4.3254e+05
1.7634e+06,1.7257,270.71,0.41424,0.799,0
1.3217e+06,1.7257,269.72,0.425,0.799,2.64e+05
1.0783e+06,1.7257,268.82,0.3971,0.799,0
1.1074e+06,1.7257,274.62,0.37083,0.799,1.2341e+05
8.4807e+05,1.7257,278.86,0.37346,0.799,5.8162e+06
1.7118e+06,1.7257,281.86,0.37083,0.799,1.2697e+07
1.9538e+06,1.7257,275.05,0.36756,0.799,0
2.5125e+06,1.7257,271.42,0.32796,0.799,1.8e+06
2.19e+06,1.7257,268.65,0.27491,0.799,34728
1.6346e+06,1.7257,264.94,0.28603,0.799,43018
1.6241e+06,1.7257,270.99,0.3039,0.799,1053
1.4404e+06,1.4638,275.95,0.29096,0.9521,1.3104e+07
1.174e+06,1.4638,270.84,0.2854,0.9521,4.2913e+07
2.069e+06,1.4638,273.26,0.2666,0.9521,5.38e+05
2.4309e+06,1.4638,272.11,0.24816,0.9521,6.7684e+06
2.1026e+06,1.4638,268.95,0.24483,0.9521,2.7411e+05
2.3525e+06,1.4638,273.22,0.21765,0.9521,4.9176e+05
2.4371e+06,1.4638,270.59,0.20345,0.9521,1.5927e+07
2.7885e+06,1.4638,265.09,0.20348,0.9521,1.7553e+06
2.9458e+06,1.4638,270.73,0.225,0.9521,19925
4.2533e+06,1.4638,273.8,0.2244,0.9521,3.951e+07
5.2581e+06,1.4638,272.12,0.22573,0.9521,9.157e+06
5.0205e+06,1.4638,270.12,0.21886,0.9521,2.2462e+06
4.3367e+06,1.4638,270.39,0.22996,0.9521,1.0861e+06
3.6091e+06,1.4638,270.38,0.22506,0.9521,8.2364e+05
2.8211e+06,1.4638,269.97,0.1987,0.9521,9.392e+05
2.6943e+06,1.4638,270.46,0.20707,0.9521,5.9333e+05
2.5304e+06,1.4638,273.9,0.21363,0.9521,9.4468e+05
2.478e+06,1.4638,272.93,0.20405,0.9521,1.192e+07
2.6747e+06,1.4638,270.31,0.1974,0.9521,2.2308e+06
2.9083e+06,1.4638,268.03,0.19105,0.9521,4.2239e+05
2.7158e+06,1.4638,268.6,0.19471,0.9521,1.2445e+05
2.1992e+06,1.4638,270.93,0.20118,0.9521,20289
2.0911e+06,1.4638,273.64,0.2188,0.9521,7.7509e+05
1.9902e+06,1.4638,275.51,0.21466,0.9521,8.5165e+06
3.096e+06,1.4638,278.47,0.21666,0.9521,3.2172e+07
4.3564e+06,1.4638,273.67,0.22288,0.9521,5.4501e+07
5.0802e+06,1.4638,273.08,0.22068,0.9521,7.8087e+06
5.3444e+06,1.4638,274.65,0.20233,0.9521,5.6844e+06
4.9275e+06,1.4638,271.9,0.17479,0.9521,3.4167e+07
4.8951e+06,1.4638,268.22,0.16224,0.9521,1.0748e+06
4.5691e+06,1.4638,NaN,0.17077,0.9521,66624
3.216e+06,1.7826,NaN,0.18643,NaN,71
